item,code,Weight,Adjusted Weight,Jul-May FY25,FY26,Provisional May 2025,2026,source_id,vintage
Manufacturing of Food,A,10.69234621394472,13.643385939973399,-2.2082427343549704,7.74898703055078,6.083096047588232,-7.432752569121126,sbp_lsm_production,2026-08-07
"Sugar, Bakery Products and Chocolate",1.,3.427,4.372836670338157,-14.297399734373084,31.54338160140526,44.08400147606426,23.2526193247963,sbp_lsm_production,2026-08-07
Cooking Oil,2.,1.4762,1.8836245966598153,-0.018978219501064597,-1.9700053012295382,0.4212315146255863,-19.59601778673916,sbp_lsm_production,2026-08-07
Vegetable Ghee,3.,1.3753,1.7548766480058555,-1.0595162721871887,-4.898019806369902,-0.07080406367593328,-15.184300613008507,sbp_lsm_production,2026-08-07
Wheat and Rice Milling,4.,3.6576462139447203,4.66714020760461,6.212472480613251,0.7579469587016829,9.237791073250534,-3.1850653980198818,sbp_lsm_production,2026-08-07
Starch & Its Products,5.,0.2714,0.34630518597308896,0.7571937129073003,0.13289380576793075,0.28956210560822093,1.427287336910621,sbp_lsm_production,2026-08-07
Tea Blended,6.,0.4848,0.6186026313918701,-3.3220809540334906,-8.954444589479193,0.6153535761121764,-3.910166432725082,sbp_lsm_production,2026-08-07
Manufacturing of Beverages,B,3.8446999999999996,4.905820001881853,1.9467566449167695,5.430980611890401,4.427224469054081,-12.798005014994306,sbp_lsm_production,2026-08-07
Soft Drinks and Mineral Waters,1.,1.628,2.0773207176278143,9.337705028070896,-1.4893560293550712,2.717216661705235,-11.768036389459336,sbp_lsm_production,2026-08-07
"Juices, Syrups & Squashes",2.,2.214,2.8250540963316837,-3.2365721590874252,10.924052160546772,5.748180252264268,-13.580117174158634,sbp_lsm_production,2026-08-07
Liquors,3.,0.0027,0.003445187922355712,0.0,0.0,0.0,0.0,sbp_lsm_production,2026-08-07
Manufacturing of Tobacco,C,2.0722,2.644117930631669,8.851706036745387,12.791608897462158,-14.426390940423428,13.262370540851553,sbp_lsm_production,2026-08-07
Manufacturing of Textile,D,18.15610089220762,23.167103522557575,2.802339522152897,-0.08810380404600249,0.9832530590614397,-4.345460028231052,sbp_lsm_production,2026-08-07
Yarn,1.,8.8819,11.333264669470813,8.22081883944663,1.2579656353618685,6.518781066029478,-1.2844600526777938,sbp_lsm_production,2026-08-07
Cloth,2.,7.2943,9.307494171125654,0.7188631442372584,0.1675071468201894,0.43218769294093295,0.044816801217328894,sbp_lsm_production,2026-08-07
Jute Goods (Total),3.,0.3318,0.42337531579171306,-30.136880365014306,-39.46941185152386,-53.67991845056066,-67.2975352112676,sbp_lsm_production,2026-08-07
Terry Towels & Bath Robes,4.,0.5925008922076157,0.7560284880809856,1.5182201053140165,-0.9614367711107463,-19.70535755135654,22.20512820512821,sbp_lsm_production,2026-08-07
Woolen & Carpet Yarn,5.,0.0509,0.06494817231403915,2.5066559501682795,-2.739390375379791,38.73762376237626,-16.235504014272973,sbp_lsm_production,2026-08-07
Woolen & Worsted Cloth,6.,0.0867,0.1106288121734223,-17.379182156133833,29.9212598425197,29.032258064516103,31.25000000000002,sbp_lsm_production,2026-08-07
Knitting Wool,7.,0.0073,0.009314767345628406,0.0,0.0,0.0,0.0,sbp_lsm_production,2026-08-07
Woolen Blankets,8.,0.9107,1.1620491262553136,-13.755358673906827,-4.526626238526033,-29.676470588235293,-95.06482643245504,sbp_lsm_production,2026-08-07
Manufacture of Wearing Apparel,E,6.077800665860951,7.755246462410982,5.200322589936346,7.308792728168778,-1.5888104291146066,7.051193597350625,sbp_lsm_production,2026-08-07
Manufacturing of Leather Products,F,1.2292,1.5684537015406077,1.2917885144118735,-2.2464228219780225,0.7826626359971556,-1.0581264289464598,sbp_lsm_production,2026-08-07
Upper Leather,1.,0.3979,0.507718620113088,-13.177147554459523,-8.341223253171748,-6.640237859266607,-4.564755838641177,sbp_lsm_production,2026-08-07
Sole Leather,2.,0.0023,0.0029347897116363472,1.7341040462427904,0.0,0.0,0.0,sbp_lsm_production,2026-08-07
Footwear,3.,0.829,1.0578002917158833,7.667632128063784,-0.089670533105779,3.657331136738051,0.15893197711378537,sbp_lsm_production,2026-08-07
Manufacturing of Wood Products,G,0.17659999999999998,0.2253408100325995,1.214329083181509,-0.5698860227954294,1.8675721561969283,4.333333333333345,sbp_lsm_production,2026-08-07
Manufacturing of Paper & Board,H,1.6262704944991666,2.0751138763451777,0.6804620210602019,1.8905861349731934,-5.101696159776791,6.892496247349933,sbp_lsm_production,2026-08-07
Manufacturing of Coke & Petroleum Products,I,6.6591,8.496981812503304,4.742436727555033,10.564971872460948,2.083573215814405,15.746588635328184,sbp_lsm_production,2026-08-07
Manufacturing of Chemicals,J,6.475999999999999,8.263347031546514,-4.062897881136928,-2.640151969287463,7.0950953569919095,-5.952653017139542,sbp_lsm_production,2026-08-07
Chemicals Products,1.,2.546,3.248684611228756,-12.116176595764705,-3.357626752307996,-12.128270177620593,-8.291871293951258,sbp_lsm_production,2026-08-07
Fertilizers,2.,3.9299999999999997,5.014662420317758,0.9945200550442568,-2.248072691695213,20.369708277114285,-4.773432142677714,sbp_lsm_production,2026-08-07
Manufacturing of Pharmaceuticals Products,K,5.1538,6.576225746013656,2.7175050298344106,-8.068904462249083,1.79318437894469,-23.34442174991038,sbp_lsm_production,2026-08-07
Tablets,1.,2.7251,3.477215410078352,3.3769496245579678,0.20481733715786987,8.1414958674652,-2.1166035241813597,sbp_lsm_production,2026-08-07
Liquids/Syrups,2.,1.6173,2.0636675654910714,3.2447396960168184,-11.10630189336559,-0.0646792497207005,-30.807248764415164,sbp_lsm_production,2026-08-07
Injections,3.,0.4705,0.6003558953586527,-0.7662351959048408,-21.3588575575416,-7.7935184367549315,-45.09870986277756,sbp_lsm_production,2026-08-07
Capsules,4.,0.2302,0.2937341702689944,-0.17354619145509842,-4.818048669078823,1.9693663431857633,-38.06636846450533,sbp_lsm_production,2026-08-07
Galenicals (Tincture),5.,0.0071,0.009059568240268724,24.0,90.32258064516132,50.0,66.66666666666667,sbp_lsm_production,2026-08-07
Ointments,6.,0.1036,0.13219313657631546,-4.429209961212798,1.2629749908947607,1.5876486143211022,-38.243884442349284,sbp_lsm_production,2026-08-07
Manufacturing of Rubber Products,L,0.2419,0.3086633179325358,-2.056215981113374,14.201418512407727,1.3777708625703378,6.57709568438738,sbp_lsm_production,2026-08-07
Cycle Tyres,1.,0.0059,0.007528373608110629,9.532328136979306,11.222585160989285,9.164420485175206,9.629629629629633,sbp_lsm_production,2026-08-07
Cycle Tubes,2.,0.0001,0.00012759955267984118,7.535373478117813,-0.1835985312117483,6.249999999999978,-8.333333333333314,sbp_lsm_production,2026-08-07
Motor Tyres,3.,0.2355,0.300496946561026,-2.455397117861291,14.34846973976489,1.1101153341904757,6.4838928413149866,sbp_lsm_production,2026-08-07
Motor Tubes,4.,0.0004,0.0005103982107193647,3.4595587647616055,1.50787174172764,1.2991659322145965,1.5237865120536709,sbp_lsm_production,2026-08-07
Manufacturing of Non Metalic Mineral Products,M,5.01,6.392737589260043,-7.878008103414791,6.307768706667227,9.475526657671463,-10.66874463206785,sbp_lsm_production,2026-08-07
Glass Plates & Sheets,1.,0.3602,0.45961358875278796,-36.73010561539266,-4.032724568217516,14.916151809355682,-26.036866359447007,sbp_lsm_production,2026-08-07
Cement,2.,4.6498,5.933124000507255,-4.283871675951579,7.159240782154952,9.036325427799463,-9.361233480176223,sbp_lsm_production,2026-08-07
Manufacturing of Iron & Steel Products,N,3.4455,4.396442587583928,-9.302891107459743,-7.485965784119375,-0.27794283196194147,-12.572699113687468,sbp_lsm_production,2026-08-07
Pig Iron,1.,0.0001,0.00012759955267984118,0.0,0.0,0.0,0.0,sbp_lsm_production,2026-08-07
Billets/Ingots,2.,0.9239,1.1788922672090527,-23.13546423135464,-20.226308345120238,1.6393442622950616,-35.483870967741936,sbp_lsm_production,2026-08-07
H/C.R.Sheets/Strips/Coils/Plates Etc,3.,2.5215,3.2174227208221953,-2.0904199393901868,-2.2708609689849,-1.0172413793103408,-3.501132206932589,sbp_lsm_production,2026-08-07
Manufacture of Fabricated Metal,O,0.42315097098282783,0.5399387461344929,-15.301380414579924,9.701161491883582,-5.94937225222899,18.191498559760035,sbp_lsm_production,2026-08-07
Metal Drums,1.,0.0597,0.07617693294986519,18.58974358974359,-3.2432432432432323,7.692307692307687,14.28571428571428,sbp_lsm_production,2026-08-07
Safety Razor Blades and Cutlery,2.,0.36345097098282786,0.4637618131846277,-17.55149533677648,10.937294369445816,-6.920138825128075,18.513074957830653,sbp_lsm_production,2026-08-07
"Manufacture of Computer, Electronics and Optical Products",P,0.0271,0.034579478776236953,2.776128266033262,1.703660904874238,2.461622309019873,4.6099290780141855,sbp_lsm_production,2026-08-07
Manufacture of Electrical Equipment,Q,2.048717443211997,2.6141542932123873,-12.735723519839826,13.500089675058447,3.6238787371398518,13.875660172337522,sbp_lsm_production,2026-08-07
Refrigerators,1.,0.2461,0.3140224991450892,-9.147475612530286,8.065689667869492,11.017594485190996,-0.6450060168471716,sbp_lsm_production,2026-08-07
Electric Transformers,2.,0.3461,0.4416220518249304,-22.87547528517111,7.5121710729032065,11.046511627906973,-18.376963350785335,sbp_lsm_production,2026-08-07
Deepfreezers,3.,0.1668,0.21283605386997506,-7.262035304994741,11.89154098512688,53.286841202698064,-31.100835322195696,sbp_lsm_production,2026-08-07
Switch Gears,4.,0.0038,0.004848783001833965,-6.94355697550586,-23.632410162508588,-24.933687002652526,-17.491166077738505,sbp_lsm_production,2026-08-07
Electric Fans,5.,0.0768,0.09799645645811803,12.359347453628967,8.27505034200744,13.511984696895762,8.619935407544933,sbp_lsm_production,2026-08-07
Electric Meters,6.,0.1627,0.20760447221010161,-25.329496876193534,3.8725754173825955,-9.009949746954838,-4.521358102777128,sbp_lsm_production,2026-08-07
Airconditioners,7.,0.0858,0.10948041619930372,13.340353516359515,-33.02806277070641,-23.267536627879572,-1.6883595284872488,sbp_lsm_production,2026-08-07
Electric Bulbs,8.,0.023,0.029347897116363472,-72.41379310344827,-9.100418410041854,-64.25339366515837,0.0,sbp_lsm_production,2026-08-07
Electric Motors (Including Insulated Wire & Cable),9.,0.4258174432119964,0.5433411527712442,-0.264043831275973,42.087497518035576,10.0361010830325,45.14435695538057,sbp_lsm_production,2026-08-07
Electric Tubes,10.,0.0001,0.00012759955267984118,0.0,0.0,0.0,0.0,sbp_lsm_production,2026-08-07
Storage Batteries,11.,0.5116,0.6527993115100675,-26.362479751385248,-21.442058951264187,-18.10544611819237,2.7708996580592116,sbp_lsm_production,2026-08-07
Generating Sets,12.,0.0001,0.00012759955267984118,0.0,0.0,0.0,0.0,sbp_lsm_production,2026-08-07
Manufacture of Machinery and Equipment N.E.C,R,0.38870000000000005,0.4959794612665427,-35.40731726765198,0.2930125190659716,-49.59026431757913,70.95802937622284,sbp_lsm_production,2026-08-07
Tractors,1.,0.3399,0.4337108795587801,-37.47447085035277,0.35262239708995224,-53.24003650745362,79.83083929733247,sbp_lsm_production,2026-08-07
Heavy Machinery & Equipment,2.,0.0306,0.039045463120031404,19.23076923076925,-3.7634408602150726,7.692307692307687,14.28571428571428,sbp_lsm_production,2026-08-07
Sewing Machines,3.,0.0029,0.003700387027715394,3.729181752353372,-27.783595113438043,-2.066115702479343,-18.9873417721519,sbp_lsm_production,2026-08-07
Power Looms,4.,0.0003,0.00038279865803952354,7.246376811594213,4.560810810810811,0.0,0.0,sbp_lsm_production,2026-08-07
Bobbins & Shuttles,5.,0.0003,0.00038279865803952354,-9.523809523809524,0.0,33.33333333333335,0.0,sbp_lsm_production,2026-08-07
Sugarcane Machines,6.,0.0036,0.004593583896474282,0.0,-13.793103448275879,50.0,-33.33333333333333,sbp_lsm_production,2026-08-07
Wheat Thrashers,7.,0.0108,0.013780751689422848,21.415270018621957,1.0736196319018454,55.00000000000001,-3.2258064516129115,sbp_lsm_production,2026-08-07
Chaff Cutters,8.,0.0003,0.00038279865803952354,-2.6938239159001287,0.6752194463200523,1.3412816691505292,0.2941176470588225,sbp_lsm_production,2026-08-07
Manufacturing of Automobiles,S,3.1020335007500304,3.958180870935857,43.94014276701525,58.82185634635122,57.58390482002043,20.81062846016355,sbp_lsm_production,2026-08-07
Jeeps & Cars,1.,2.71491457322536,3.4642188510753784,39.34640812885477,60.59959559935679,53.66650648726572,22.046406904747016,sbp_lsm_production,2026-08-07
L.C.V.'S,2.,0.043212594951080555,0.05513907785893043,173.81685802296278,-11.266789391150201,62.528841716659,-42.731402612152195,sbp_lsm_production,2026-08-07
Trucks,3.,0.19253726239481442,0.24567668555779526,100.04166666666667,76.87981670485316,106.29370629370625,42.711864406779696,sbp_lsm_production,2026-08-07
Buses,4.,0.14836907017877554,0.18931826986335723,72.62693156732894,23.657289002557526,110.86956521739135,-15.463917525773208,sbp_lsm_production,2026-08-07
Diesel Engines,5.,0.003,0.0038279865803952356,-6.88202247191011,-2.564102564102555,0.0,-14.84375,sbp_lsm_production,2026-08-07
Manufacture of Other Transport Equipment,T,0.6918000000000001,0.8827337054391414,34.518960262425956,41.6325849489535,34.83986054492214,26.050504495674875,sbp_lsm_production,2026-08-07
Motor Cycles,1.,0.6841,0.8729085398827935,34.92701507574702,42.052544803845706,35.21078965228783,26.269618457838906,sbp_lsm_production,2026-08-07
Bicycles,2.,0.0077,0.00982516555634777,7.164600550964173,6.186898710179101,5.774525431096955,4.103020754846232,sbp_lsm_production,2026-08-07
Manufacture of Furniture,U,0.5112098539165573,0.6523014868527967,-58.09199318568995,26.964769647696475,-20.22471910112359,18.309859154929555,sbp_lsm_production,2026-08-07
Other Manufacturing (Football),V,0.31595065868314626,0.4031516271687064,-16.670525584626073,22.339538760766906,-12.831858407079666,2.5380710659898664,sbp_lsm_production,2026-08-07
Jul,Period,,,,,,,sbp_lsm_production,2026-08-07
115.61716806256166,2025-26,144.50044234888233,131.72479111540162,124.96738586014658,114.71038470264737,116.09783755915646,,sbp_lsm_production,2026-08-07
106.14264419725222,2024-25,130.2685275540945,123.53048671711774,112.421729243019,108.01341973372453,117.25198521386184,112.74906797949919,sbp_lsm_production,2026-08-07
103.74368720472847,2023-24,131.46648958978645,127.02657845094954,115.14739845488054,105.93489447316027,113.96842498694049,108.46320191640194,sbp_lsm_production,2026-08-07
109.65007609716483,2022-23,130.02930278032358,125.93438056000268,113.21340201976435,100.56341184184882,106.12412175569257,108.64479130071793,sbp_lsm_production,2026-08-07
112.22484151746025,2021-22,137.73162269367154,142.66465783224385,153.719223859846,132.59805976771872,129.1659630510658,131.9513204139842,sbp_lsm_production,2026-08-07
107.32675203101138,2020-21,126.4485199973688,127.16870085273597,121.71857647652656,115.3870823627331,108.1706105524099,118.25113508256678,sbp_lsm_production,2026-08-07
109.05657334876327,2019-20,121.75543101337954,121.3830343970851,99.30293421117014,66.4472508777001,81.28568538461307,95.36438720347861,sbp_lsm_production,2026-08-07
107.0524088856491,2018-19,130.53771199995927,120.34085404621761,126.71233171758543,122.23028259974399,121.961621085023,108.34104643452977,sbp_lsm_production,2026-08-07
105.88318828936296,2017-18,124.57848748997947,118.3342332233591,126.72637908313348,118.08761081765516,109.0445129559681,100.56317328795363,sbp_lsm_production,2026-08-07
91.71493489632051,2016-17,110.69914857372777,113.38996254370208,123.49790991661578,107.30960684546893,104.79520048164017,101.9550009684259,sbp_lsm_production,2026-08-07
