indicator,label
AOMPC_BBL,"Economic Activity, Oil Production, Crude, Barrels"
LE_PE_FY_NUM,"Labor Markets, Employment, Persons, Number of, Fiscal Year"
LLF_PE_FY_NUM,"Labor Markets, Labor Force, Persons, Number of, Fiscal Year"
LU_PE_FY_NUM,"Labor Markets, Unemployment, Persons, Number of, Fiscal Year"
NCGG_FY_XDC,"National Accounts, Expenditure, Gross Domestic Product, Final Consumption Expenditure, Public Sector (General Government and Public Corporations), General Government, Nominal, Fiscal Year, National Currency"
NCGG_R_FY_XDC,"National Accounts, Expenditure, Gross Domestic Product, Final Consumption Expenditure, Public Sector (General Government and Public Corporations), General Government, Real, Fiscal Year, National Currency"
NCPHI_FY_XDC,"National Accounts, Expenditure, Gross Domestic Product, Final Consumption Expenditure, Private Sector (Households and Non-profit Institutions Serving Households), Households (Individual), Nominal, Fiscal Year, National Currency"
NCPHI_R_FY_XDC,"National Accounts, Expenditure, Gross Domestic Product, Final Consumption Expenditure, Private Sector (Households and Non-profit Institutions Serving Households), Households (Individual), Real, Fiscal Year, National Currency"
NCPHN_FY_XDC,"National Accounts, Expenditure, Gross Domestic Product, Final Consumption Expenditure, Private Sector (Households and Non-profit Institutions Serving Households), Non-profit Institutions Serving Households (NPISHs) (Individual), Nominal, Fiscal Year, National Currency"
NCPHN_R_FY_XDC,"National Accounts, Expenditure, Gross Domestic Product, Final Consumption Expenditure, Private Sector (Households and Non-profit Institutions Serving Households), Non-profit Institutions Serving Households (NPISHs) (Individual), Real, Fiscal Year, National Currency"
NFG_FY_XDC,"National Accounts, Expenditure, Gross Domestic Product, Gross Capital Formation, Acquisitions less Disposals of Valuables, Nominal, Fiscal Year, National Currency"
NFG_R_FY_XDC,"National Accounts, Expenditure, Gross Domestic Product, Gross Capital Formation, Acquisitions less Disposals of Valuables, Real, Fiscal Year, National Currency"
NGDPNPI_BY2015-2016_XDC,"National Accounts, GDP-GNP Relation, Net Primary Income from Abroad, Nominal, National Currency (base 2015-16)"
NGDPNPI_XDC,"National Accounts, GDP-GNP Relation, Net Primary Income from Abroad, Nominal, National Currency"
NGDPS_XDC,"National Accounts, Activity, Gross Domestic Product, Production Approach, By Industrial Sector, Industry (Secondary), Services (Tertiary), Nominal, National Currency"
NGDPT_R_BY2015-2016_XDC,"National Accounts, Activity, Memorandum Items, Taxes on Products, Real, National Currency (base 2015-16)"
NGDPT_XDC,"National Accounts, Activity, Memorandum Items, Taxes on Products, Nominal, National Currency"
NGDPVA_ISIC4_A011T013_XDC,"National Accounts, Activity, Memorandum Items, Gross Value Added, Nominal, By International Standard Industrial Classification of All Economic Activities (ISIC) Rev. 4, Agriculture, National Currency"
NGDPVA_ISIC4_A014T017_XDC,"National Accounts, Activity, Memorandum Items, Gross Value Added, Nominal, By International Standard Industrial Classification of All Economic Activities (ISIC) Rev. 4, Agriculture, forestry and fishing, Crop and animal production, hunting and hunting and related service activities, Animal Production and Hunting, trapping and related service activities, National Currency"
NGDPVA_ISIC4_A02_XDC,"National Accounts, Activity, Memorandum Items, Gross Value Added, Nominal, By International Standard Industrial Classification of All Economic Activities (ISIC) Rev. 4, Agriculture, forestry and fishing, Forestry and logging, National Currency"
NGDPVA_ISIC4_A03_XDC,"National Accounts, Activity, Memorandum Items, Gross Value Added, Nominal, By International Standard Industrial Classification of All Economic Activities (ISIC) Rev. 4, Agriculture, forestry and fishing, Fishing and aquaculture, National Currency"
NGDPVA_ISIC4_A_XDC,"National Accounts, Activity, Memorandum Items, Gross Value Added, Nominal, By International Standard Industrial Classification of All Economic Activities (ISIC) Rev. 4, Agriculture, forestry and fishing, National Currency"
NGDPVA_ISIC4_BTF_XDC,"National Accounts, Activity, Memorandum Items, Gross Value Added, Industry and Construction, ISIC Rev. 4, National Currency"
NGDPVA_ISIC4_B_XDC,"National Accounts, Activity, Memorandum Items, Gross Value Added, Nominal, By International Standard Industrial Classification of All Economic Activities (ISIC) Rev. 4, Mining and quarrying, National Currency"
NGDPVA_ISIC4_C_XDC,"National Accounts, Activity, Memorandum Items, Gross Value Added, Nominal, By International Standard Industrial Classification of All Economic Activities (ISIC) Rev. 4, Manufacturing, National Currency"
NGDPVA_ISIC4_D_XDC,"National Accounts, Activity, Memorandum Items, Gross Value Added, Nominal, By International Standard Industrial Classification of All Economic Activities (ISIC) Rev. 4, Electricity, gas, steam and air conditioning supply, National Currency"
NGDPVA_ISIC4_F_XDC,"National Accounts, Activity, Memorandum Items, Gross Value Added, Nominal, By International Standard Industrial Classification of All Economic Activities (ISIC) Rev. 4, Construction, National Currency"
NGDPVA_ISIC4_G_XDC,"National Accounts, Activity, Memorandum Items, Gross Value Added, Nominal, By International Standard Industrial Classification of All Economic Activities (ISIC) Rev. 4, Wholesale and retail trade; repair of motor vehicles and motorcycles, National Currency"
NGDPVA_ISIC4_H_XDC,"National Accounts, Activity, Memorandum Items, Gross Value Added, Nominal, By International Standard Industrial Classification of All Economic Activities (ISIC) Rev. 4, Transportation and storage, National Currency"
NGDPVA_ISIC4_I_XDC,"National Accounts, Activity, Memorandum Items, Gross Value Added, Nominal, By International Standard Industrial Classification of All Economic Activities (ISIC) Rev. 4, Accommodation and food service activities, National Currency"
NGDPVA_ISIC4_J_XDC,"National Accounts, Activity, Memorandum Items, Gross Value Added, Nominal, By International Standard Industrial Classification of All Economic Activities (ISIC) Rev. 4, Information and communication, National Currency"
NGDPVA_ISIC4_K_XDC,"National Accounts, Activity, Memorandum Items, Gross Value Added, Nominal, By International Standard Industrial Classification of All Economic Activities (ISIC) Rev. 4, Financial and insurance activities, National Currency"
NGDPVA_ISIC4_L_XDC,"National Accounts, Activity, Memorandum Items, Gross Value Added, Nominal, By International Standard Industrial Classification of All Economic Activities (ISIC) Rev. 4, Real estate activities, National Currency"
NGDPVA_ISIC4_O_XDC,"National Accounts, Activity, Memorandum Items, Gross Value Added, Nominal, By International Standard Industrial Classification of All Economic Activities (ISIC) Rev. 4, Public administration and defense; compulsory social security, National Currency"
NGDPVA_ISIC4_P_XDC,"National Accounts, Activity, Memorandum Items, Gross Value Added, Nominal, By International Standard Industrial Classification of All Economic Activities (ISIC) Rev. 4, Education, National Currency"
NGDPVA_ISIC4_Q_XDC,"National Accounts, Activity, Memorandum Items, Gross Value Added, Nominal, By International Standard Industrial Classification of All Economic Activities (ISIC) Rev. 4, Human health and social work activities, National Currency"
NGDPVA_ISIC4_S_XDC,"National Accounts, Activity, Memorandum Items, Gross Value Added, Nominal, By International Standard Industrial Classification of All Economic Activities (ISIC) Rev. 4, Other service activities, National Currency"
NGDPVA_ISIC4_XDC,"National Accounts, Activity, Memorandum Items, Gross Value Added, Nominal, By International Standard Industrial Classification of All Economic Activities (ISIC) Rev. 4, National Currency"
NGDPVA_R_BY2015-2016_XDC,"National Accounts, Activity, Memorandum Items, Gross Value Added, Real, National Currency (base 2015-16)"
NGDPVA_R_ISIC4_A011T013_XDC,"National Accounts, Activity, Memorandum Items, Gross Value Added, Real, By International Standard Industrial Classification of All Economic Activities (ISIC) Rev. 4, Agriculture, National Currency"
NGDPVA_R_ISIC4_A014T017_XDC,"National Accounts, Activity, Memorandum Items, Gross Value Added, Real, By International Standard Industrial Classification of All Economic Activities (ISIC) Rev. 4, Agriculture, forestry and fishing, Crop and animal production, hunting and hunting and related service activities, Animal Production and Hunting, trapping and related service activities, National Currency"
NGDPVA_R_ISIC4_A02_XDC,"National Accounts, Activity, Memorandum Items, Gross Value Added, Real, By International Standard Industrial Classification of All Economic Activities (ISIC) Rev. 4, Agriculture, forestry and fishing, Forestry and logging, National Currency"
NGDPVA_R_ISIC4_A03_XDC,"National Accounts, Activity, Memorandum Items, Gross Value Added, Real, By International Standard Industrial Classification of All Economic Activities (ISIC) Rev. 4, Agriculture, forestry and fishing, Fishing and aquaculture, National Currency"
NGDPVA_R_ISIC4_A_XDC,"National Accounts, Activity, Memorandum Items, Gross Value Added, Real, By International Standard Industrial Classification of All Economic Activities (ISIC) Rev. 4, Agriculture, forestry and fishing, National Currency"
NGDPVA_R_ISIC4_B_XDC,"National Accounts, Activity, Memorandum Items, Gross Value Added, Real, By International Standard Industrial Classification of All Economic Activities (ISIC) Rev. 4, Mining and quarrying, National Currency"
NGDPVA_R_ISIC4_C_XDC,"National Accounts, Activity, Memorandum Items, Gross Value Added, Real, By International Standard Industrial Classification of All Economic Activities (ISIC) Rev. 4, Manufacturing, National Currency"
NGDPVA_R_ISIC4_D_XDC,"National Accounts, Activity, Memorandum Items, Gross Value Added, Real, By International Standard Industrial Classification of All Economic Activities (ISIC) Rev. 4, Electricity, gas, steam and air conditioning supply, National Currency"
NGDPVA_R_ISIC4_F_XDC,"National Accounts, Activity, Memorandum Items, Gross Value Added, Real, By International Standard Industrial Classification of All Economic Activities (ISIC) Rev. 4, Construction, National Currency"
NGDPVA_R_ISIC4_G_XDC,"National Accounts, Activity, Memorandum Items, Gross Value Added, Real, By International Standard Industrial Classification of All Economic Activities (ISIC) Rev. 4, Wholesale and retail trade; repair of motor vehicles and motorcycles, National Currency"
NGDPVA_R_ISIC4_H_XDC,"National Accounts, Activity, Memorandum Items, Gross Value Added, Real, By International Standard Industrial Classification of All Economic Activities (ISIC) Rev. 4, Transportation and storage, National Currency"
NGDPVA_R_ISIC4_I_XDC,"National Accounts, Activity, Memorandum Items, Gross Value Added, Real, By International Standard Industrial Classification of All Economic Activities (ISIC) Rev. 4, Accommodation and food service activities, National Currency"
NGDPVA_R_ISIC4_J_XDC,"National Accounts, Activity, Memorandum Items, Gross Value Added, Real, By International Standard Industrial Classification of All Economic Activities (ISIC) Rev. 4, Information and communication, National Currency"
NGDPVA_R_ISIC4_K_XDC,"National Accounts, Activity, Memorandum Items, Gross Value Added, Real, By International Standard Industrial Classification of All Economic Activities (ISIC) Rev. 4, Financial and insurance activities, National Currency"
NGDPVA_R_ISIC4_L_XDC,"National Accounts, Activity, Memorandum Items, Gross Value Added, Real, By International Standard Industrial Classification of All Economic Activities (ISIC) Rev. 4, Real estate activities, National Currency"
NGDPVA_R_ISIC4_O_XDC,"National Accounts, Activity, Memorandum Items, Gross Value Added, Real, By International Standard Industrial Classification of All Economic Activities (ISIC) Rev. 4, Public administration and defense; compulsory social security, National Currency"
NGDPVA_R_ISIC4_P_XDC,"National Accounts, Activity, Memorandum Items, Gross Value Added, Real, By International Standard Industrial Classification of All Economic Activities (ISIC) Rev. 4, Education, National Currency"
NGDPVA_R_ISIC4_Q_XDC,"National Accounts, Activity, Memorandum Items, Gross Value Added, Real, By International Standard Industrial Classification of All Economic Activities (ISIC) Rev. 4, Human health and social work activities, National Currency"
NGDPVA_R_ISIC4_S_XDC,"National Accounts, Activity, Memorandum Items, Gross Value Added, Real, By International Standard Industrial Classification of All Economic Activities (ISIC) Rev. 4, Other service activities, National Currency"
NGDP_FY_XDC,"National Accounts, Expenditure, Gross Domestic Product, Nominal, Fiscal Year, National Currency"
NGDP_PA_R_XDC,"National Accounts, Activity, Gross Domestic Product, Production Approach, Real, National Currency"
NGDP_PA_XDC,"National Accounts, Activity, Gross Domestic Product, Production Approach, Nominal, National Currency"
NGDP_R_FY_XDC,"National Accounts, Expenditure, Gross Domestic Product, Real, Fiscal Year, National Currency"
NINV_FY_XDC,"National Accounts, Expenditure, Gross Domestic Product, Gross Capital Formation, Changes in Inventories, Nominal, Fiscal Year, National Currency"
NINV_R_FY_XDC,"National Accounts, Expenditure, Gross Domestic Product, Gross Capital Formation, Changes in Inventories, Real, Fiscal Year, National Currency"
NI_FY_XDC,"National Accounts, Expenditure, Gross Domestic Product, Gross Capital Formation, Nominal, Fiscal Year, National Currency"
NI_R_FY_XDC,"National Accounts, Expenditure, Gross Domestic Product, Gross Capital Formation, Real, Fiscal Year, National Currency"
NM_FY_XDC,"National Accounts, Expenditure, Gross Domestic Product, External Balance of Goods and Services, Imports of Goods and Services, Nominal, Fiscal Year, National Currency"
NM_R_FY_XDC,"National Accounts, Expenditure, Gross Domestic Product, External Balance of Goods and Services, Imports of Goods and Services, Real, Fiscal Year, National Currency"
NX_FY_XDC,"National Accounts, Expenditure, Gross Domestic Product, External Balance of Goods and Services, Exports of Goods and Services, Nominal, Fiscal Year, National Currency"
NX_R_FY_XDC,"National Accounts, Expenditure, Gross Domestic Product, External Balance of Goods and Services, Exports of Goods and Services, Real, Fiscal Year, National Currency"
NYG_BY2015-2016_XDC,"National Accounts, Income, Savings, and Investment, Gross Domestic Product (Income Generated by Resident Producers), National Income, Gross, Nominal, National Currency (base 2015-16)"
NYG_XDC,"National Accounts, Income, Savings, and Investment, Gross Domestic Product (Income Generated by Resident Producers), National Income, Gross, Nominal, National Currency"
PAK_CGO_E_CE_D_XDC,"Pakistan Definition,Central Government Operations, Expenditure, Current Expenditure, Defense, National Currency"
PAK_CGO_E_CE_G_P_XDC,"Pakistan Definition,Central Government Operations, Expenditure, Current Expenditure, Grants, of which: provinces, National Currency"
PAK_CGO_E_CE_G_XDC,"Pakistan Definition,Central Government Operations, Expenditure, Current Expenditure, Grants, National Currency"
PAK_CGO_E_CE_IP_D_XDC,"Pakistan Definition,Central Government Operations, Expenditure, Current Expenditure, Interest payments, Domestic, National Currency"
PAK_CGO_E_CE_IP_E_XDC,"Pakistan Definition,Central Government Operations, Expenditure, Current Expenditure, Interest payments, External, National Currency"
PAK_CGO_E_CE_IP_XDC,"Pakistan Definition,Central Government Operations, Expenditure, Current Expenditure, Interest payments, National Currency"
PAK_CGO_E_CE_P_XDC,"Pakistan Definition,Central Government Operations, Expenditure, Current Expenditure, Pensions (civil and defense), National Currency"
PAK_CGO_E_CE_RCG_XDC,"Pakistan Definition,Central Government Operations, Expenditure, Current Expenditure, Running of civil government, National Currency"
PAK_CGO_E_CE_S_XDC,"Pakistan Definition,Central Government Operations, Expenditure, Current Expenditure, Subsidies, National Currency"
PAK_CGO_E_CE_U_XDC,"Pakistan Definition,Central Government Operations, Expenditure, Current Expenditure, Unidentified (statistical descrepency), National Currency"
PAK_CGO_E_CE_XDC,"Pakistan Definition,Central Government Operations, Expenditure, Current Expenditure, National Currency"
PAK_CGO_E_NL_IL_XDC,"Pakistan Definition,Central Government Operations, Expenditure, Net lending, Investment and loans, National Currency"
PAK_CGO_E_NL_NP_XDC,"Pakistan Definition,Central Government Operations, Expenditure, Net lending, Net to provinces, National Currency"
PAK_CGO_E_NL_RP_XDC,"Pakistan Definition,Central Government Operations, Expenditure, Net lending, Recovery of principal, National Currency"
PAK_CGO_E_NL_XDC,"Pakistan Definition,Central Government Operations, Expenditure, Net lending, National Currency"
PAK_CGO_E_PDSP_XDC,"Pakistan Definition,Central Government Operations, Expenditure, PSDP, National Currency"
PAK_CGO_E_XDC,"Pakistan Definition,Central Government Operations, Expenditure, National Currency"
PAK_CGO_F_D_B_XDC,"Pakistan Definition,Central Government Operations, Financing, Domestic, Bank, National Currency"
PAK_CGO_F_D_NB_XDC,"Pakistan Definition,Central Government Operations, Financing, Domestic, Nonbank, National Currency"
PAK_CGO_F_D_XDC,"Pakistan Definition,Central Government Operations, Financing, Domestic, National Currency"
PAK_CGO_F_E_XDC,"Pakistan Definition,Central Government Operations, Financing, External (incl. privatization), National Currency"
PAK_CGO_F_P_XDC,"Pakistan Definition,Central Government Operations, Financing, Privatization, National Currency"
PAK_CGO_F_XDC,"Pakistan Definition,Central Government Operations, Financing, National Currency"
PAK_CGO_MI_NER_GER_G_XDC,"Pakistan Definition,Central Government Operations, Memorandum items: Net external receipts, Gross external receipts, Grants, National Currency"
PAK_CGO_MI_NER_GER_L_CA_XDC,"Pakistan Definition,Central Government Operations, Memorandum items: Net external receipts, Gross external receipts, Loans, Commodity aid (non-food)/programme loans, National Currency"
PAK_CGO_MI_NER_GER_L_OA_XDC,"Pakistan Definition,Central Government Operations, Memorandum items: Net external receipts, Gross external receipts, Loans, Other aid, National Currency"
PAK_CGO_MI_NER_GER_L_PA_XDC,"Pakistan Definition,Central Government Operations, Memorandum items: Net external receipts, Gross external receipts, Loans, Project aid, National Currency"
PAK_CGO_MI_NER_GER_O_XDC,"Pakistan Definition,Central Government Operations, Memorandum items: Net external receipts, Gross external receipts, Others, National Currency"
PAK_CGO_MI_NER_GER_XDC,"Pakistan Definition,Central Government Operations, Memorandum items: Net external receipts, Gross external receipts, National Currency"
PAK_CGO_MI_NER_R_XDC,"Pakistan Definition,Central Government Operations, Memorandum items: Net external receipts, Repayments, National Currency"
PAK_CGO_MI_NER_XDC,"Pakistan Definition,Central Government Operations, Memorandum items: Net external receipts, National Currency"
PAK_CGO_NR_GR_NTR_CA_DR_XDC,"Pakistan Definition,Central Government Operations, Net Revenue, Gross revenue , Nontax Revenue, Civil Administration, Defense receipts, National Currency"
PAK_CGO_NR_GR_NTR_CA_O_XDC,"Pakistan Definition,Central Government Operations, Net Revenue, Gross revenue , Nontax Revenue, Civil Administration, Others, National Currency"
PAK_CGO_NR_GR_NTR_CA_PSBP_XDC,"Pakistan Definition,Central Government Operations, Net Revenue, Gross revenue , Nontax Revenue, Civil Administration, Profit of SBP, National Currency"
PAK_CGO_NR_GR_NTR_CA_XDC,"Pakistan Definition,Central Government Operations, Net Revenue, Gross revenue , Nontax Revenue, Civil Administration, National Currency"
PAK_CGO_NR_GR_NTR_MR_AT_XDC,"Pakistan Definition,Central Government Operations, Net Revenue, Gross revenue , Nontax Revenue, Miscellaneous receipts, Airport tax, National Currency"
PAK_CGO_NR_GR_NTR_MR_O_XDC,"Pakistan Definition,Central Government Operations, Net Revenue, Gross revenue , Nontax Revenue, Miscellaneous receipts, Others, National Currency"
PAK_CGO_NR_GR_NTR_MR_PF_XDC,"Pakistan Definition,Central Government Operations, Net Revenue, Gross revenue , Nontax Revenue, Miscellaneous receipts, Passport fee, National Currency"
PAK_CGO_NR_GR_NTR_MR_ROG_XDC,"Pakistan Definition,Central Government Operations, Net Revenue, Gross revenue , Nontax Revenue, Miscellaneous receipts, Royalty on oil/gas, National Currency"
PAK_CGO_NR_GR_NTR_MR_XDC,"Pakistan Definition,Central Government Operations, Net Revenue, Gross revenue , Nontax Revenue, Miscellaneous receipts, National Currency"
PAK_CGO_NR_GR_NTR_PE_D_XDC,"Pakistan Definition,Central Government Operations, Net Revenue, Gross revenue , Nontax Revenue, Property and enterprises, Dividends, National Currency"
PAK_CGO_NR_GR_NTR_PE_IFPS_XDC,"Pakistan Definition,Central Government Operations, Net Revenue, Gross revenue , Nontax Revenue, Property and enterprises, Interest from PSEs, National Currency"
PAK_CGO_NR_GR_NTR_PE_IFP_XDC,"Pakistan Definition,Central Government Operations, Net Revenue, Gross revenue , Nontax Revenue, Property and enterprises, Interest from provinces, National Currency"
PAK_CGO_NR_GR_NTR_PE_PFPO_XDC,"Pakistan Definition,Central Government Operations, Net Revenue, Gross revenue , Nontax Revenue, Property and enterprises, Profits from Post Office/PTA, National Currency"
PAK_CGO_NR_GR_NTR_PE_XDC,"Pakistan Definition,Central Government Operations, Net Revenue, Gross revenue , Nontax Revenue, Property and enterprises, National Currency"
PAK_CGO_NR_GR_NTR_XDC,"Pakistan Definition,Central Government Operations, Net Revenue, Gross revenue , Nontax Revenue, National Currency"
PAK_CGO_NR_GR_TR_CBRR_DT_XDC,"Pakistan Definition,Central Government Operations, Net Revenue, Gross revenue , Tax Revenue, FBR revenue, Direct Taxes, National Currency"
PAK_CGO_NR_GR_TR_CBRR_IT_CD_XDC,"Pakistan Definition,Central Government Operations, Net Revenue, Gross revenue , Tax Revenue, FBR revenue, Indirect Taxes, Customs duty, National Currency"
PAK_CGO_NR_GR_TR_CBRR_IT_FE_XDC,"Pakistan Definition,Central Government Operations, Net Revenue, Gross revenue , Tax Revenue, FBR revenue, Indirect taxes, Customs duty, Federal excise, National Currency"
PAK_CGO_NR_GR_TR_CBRR_IT_ST_XDC,"Pakistan Definition,Central Government Operations, Net Revenue, Gross revenue , Tax Revenue, FBR revenue, Indirect taxes, Customs duty, Sales tax, National Currency"
PAK_CGO_NR_GR_TR_CBRR_IT_XDC,"Pakistan Definition,Central Government Operations, Net Revenue, Gross revenue , Tax Revenue, FBR revenue, Indirect Taxes, National Currency"
PAK_CGO_NR_GR_TR_CBRR_XDC,"Pakistan Definition,Central Government Operations, Net Revenue, Gross revenue , Tax Revenue, FBR revenue, National Currency"
PAK_CGO_NR_GR_TR_S_NG_XDC,"Pakistan Definition,Central Government Operations, Net Revenue, Gross revenue , Tax Revenue, Surcharges, Natural gas, National Currency"
PAK_CGO_NR_GR_TR_S_P_XDC,"Pakistan Definition,Central Government Operations, Net Revenue, Gross revenue , Tax Revenue, Surcharges, Petroleum, National Currency"
PAK_CGO_NR_GR_TR_XDC,"Pakistan Definition,Central Government Operations, Net Revenue, Gross Revenue, Tax revenue, National Currency"
PAK_CGO_NR_GR_XDC,"Pakistan Definition,Central Government Operations, Net Revenue, Gross Revenue, National Currency"
PAK_CGO_NR_PTS_XDC,"Pakistan Definition,Central Government Operations, Net Revenue, Provincial tax share, National Currency"
PAK_CGO_NR_XDC,"Pakistan Definition,Central Government Operations, Net Revenue, National Currency"
PAK_CGO_OBEG_XDC,"Pakistan Definition,Central Government Operations, Expenditure, Net lending, Overall balance (excluding grants), National Currency"
PAK_GGO_BBEG_XDC,"Pakistan Definition,General Government Operations, Budget balance (excluding grants), National Currency"
PAK_GGO_BBIG_XDC,"Pakistan Definition,General Government Operations, Budget balance (including grants), Accrual budget balance (incl. IDP grants) 4/, National Currency"
PAK_GGO_E_CE_F_CG_XDC,"Pakistan Definition,General Government Operations, Expenditure, Current expenditure, Federal, Civil government 1/Domestic Currency"
PAK_GGO_E_CE_F_D_XDC,"Pakistan Definition,General Government Operations, Expenditure, Current expenditure, Federal, Defense 1/Domestic Currency"
PAK_GGO_E_CE_F_G_XDC,"Pakistan Definition,General Government Operations, Expenditure, Current expenditure, Federal, Grants, National Currency"
PAK_GGO_E_CE_F_IP_D_XDC,"Pakistan Definition,General Government Operations, Expenditure, Current expenditure, Federal, Interest payments, Domestic, National Currency"
PAK_GGO_E_CE_F_IP_F_XDC,"Pakistan Definition,General Government Operations, Expenditure, Current expenditure, Federal, Interest payments, Foreign, National Currency"
PAK_GGO_E_CE_F_IP_XDC,"Pakistan Definition,General Government Operations, Expenditure, Current expenditure, Federal, Interest payments, National Currency"
PAK_GGO_E_CE_F_P_XDC,"Pakistan Definition,General Government Operations, Expenditure, Current expenditure, Federal, Pension (civil and military), National Currency"
PAK_GGO_E_CE_F_S_XDC,"Pakistan Definition,General Government Operations, Expenditure, Current expenditure, Federal, Subsidies, National Currency"
PAK_GGO_E_CE_F_XDC,"Pakistan Definition,General Government Operations, Expenditure, Current expenditure, Federal, National Currency"
PAK_GGO_E_CE_P_XDC,"Pakistan Definition,General Government Operations, Expenditure, Current expenditure, Provincial, National Currency"
PAK_GGO_E_CE_XDC,"Pakistan Definition,General Government Operations, Expenditure, Current expenditure, National Currency"
PAK_GGO_E_DENL_NL_XDC,"Pakistan Definition,General Government Operations, Expenditure, Development expenditure and net lending, Net lending, National Currency"
PAK_GGO_E_DENL_PDSP_XDC,"Pakistan Definition,General Government Operations, Expenditure, Development expenditure and net lending, Public Sector Development Program (PSDP) 2/ ,Domestic Currency"
PAK_GGO_E_DENL_PSDP_F_XDC,"Pakistan Definition,General Government Operations, Expenditure, Development expenditure and net lending, Public Sector Development Program (PSDP) 2/ ,Federal 2/ Domestic Currency"
PAK_GGO_E_DENL_PSDP_ODE_XDC,"Pakistan Definition,General Government Operations, Expenditure, Development expenditure and net lending, Public Sector Development Program (PSDP) 2/ ,Other development expenditure, National Currency"
PAK_GGO_E_DENL_PSDP_P_XDC,"Pakistan Definition,General Government Operations, Expenditure, Development expenditure and net lending, Public Sector Development Program (PSDP) 2/ ,Provincial, National Currency"
PAK_GGO_E_DENL_XDC,"Pakistan Definition,General Government Operations, Expenditure, Development expenditure and net lending, National Currency"
PAK_GGO_E_XDC,"Pakistan Definition,General Government Operations, Expenditure, National Currency"
PAK_GGO_F_B_XDC,"Pakistan Definition,General Government Operations, Financing, Bank, National Currency"
PAK_GGO_F_D_XDC,"Pakistan Definition,General Government Operations, Financing, Domestic, National Currency"
PAK_GGO_F_E_XDC,"Pakistan Definition,General Government Operations, Financing, External, National Currency"
PAK_GGO_F_NB_XDC,"Pakistan Definition,General Government Operations, Financing, Nonbank, National Currency"
PAK_GGO_F_PP_XDC,"Pakistan Definition,General Government Operations, Financing, Privatization proceeds, National Currency"
PAK_GGO_F_XDC,"Pakistan Definition,General Government Operations, Financing, National Currency"
PAK_GGO_MI_PBEG_XDC,"Pakistan Definition,General Government Operations, Memorandum items:, Primary balance (excluding grants), National Currency"
PAK_GGO_MI_PBIG_XDC,"Pakistan Definition,General Government Operations, Memorandum items:, Primary balance (including grants), National Currency"
PAK_GGO_RG_G_XDC,"Pakistan Definition,General Government Operations,Revenue and grants, grants, National Currency"
PAK_GGO_RG_R_NTR_F_DR_O_XDC,"Pakistan Definition,General Government Operations,Revenue and grants, Revenue, Nontax revenue, Federal, Defense receipts, Other, National Currency"
PAK_GGO_RG_R_NTR_F_DR_XDC,"Pakistan Definition,General Government Operations,Revenue and grants, Revenue, Nontax revenue, Federal, Defense receipts, National Currency"
PAK_GGO_RG_R_NTR_F_OGR_XDC,"Pakistan Definition,General Government Operations,Revenue and grants, Revenue, Nontax revenue, Federal, Oil and gas royalties, National Currency"
PAK_GGO_RG_R_NTR_F_O_CO_XDC,"Pakistan Definition,General Government Operations,Revenue and grants, Revenue, Nontax revenue, Federal, Other, Crude and other, National Currency"
PAK_GGO_RG_R_NTR_F_O_MUEP_XDC,"Pakistan Definition,General Government Operations,Revenue and grants, Revenue, Nontax revenue, Federal, Other, Mark-up  (interest revenue) excluding provinces, National Currency"
PAK_GGO_RG_R_NTR_F_O_PF_XDC,"Pakistan Definition,General Government Operations,Revenue and grants, Revenue, Nontax revenue, Federal, Other, passport fees, National Currency"
PAK_GGO_RG_R_NTR_F_O_PTA_XDC,"Pakistan Definition,General Government Operations,Revenue and grants, Revenue, Nontax revenue, Federal, Other, PTA, National Currency"
PAK_GGO_RG_R_NTR_F_SBPP_XDC,"Pakistan Definition,General Government Operations,Revenue and grants, Revenue, Nontax revenue, Federal, SBP profits, National Currency"
PAK_GGO_RG_R_NTR_F_SOED_XDC,"Pakistan Definition,General Government Operations,Revenue and grants, Revenue, Nontax revenue, Federal, SOE dividends, National Currency"
PAK_GGO_RG_R_NTR_F_XDC,"Pakistan Definition,General Government Operations,Revenue and grants, Revenue, Nontax revenue, Federal, National Currency"
PAK_GGO_RG_R_NTR_P_XDC,"Pakistan Definition,General Government Operations,Revenue and grants, Revenue, Nontax revenue, Provincial, National Currency"
PAK_GGO_RG_R_NTR_XDC,"Pakistan Definition,General Government Operations,Revenue and grants, Revenue, Nontax revenue, National Currency"
PAK_GGO_RG_R_TR_F_FBR_CD_XDC,"Pakistan Definition,General Government Operations,Revenue and grants, Revenue, Tax Revenue, Federal, FBR revenue, Customs duties, National Currency"
PAK_GGO_RG_R_TR_F_FBR_D_XDC,"Pakistan Definition,General Government Operations,Revenue and grants, Revenue, Tax Revenue, Federal, FBR revenue, Direct tax, National Currency"
PAK_GGO_RG_R_TR_F_FBR_ED_XDC,"Pakistan Definition,General Government Operations,Revenue and grants, Revenue, Tax Revenue, Federal, FBR revenue, Excise duty, National Currency"
PAK_GGO_RG_R_TR_F_FBR_ST_XDC,"Pakistan Definition,General Government Operations,Revenue and grants, Revenue, Tax Revenue, Federal, FBR revenue, Sales tax, National Currency"
PAK_GGO_RG_R_TR_F_FBR_XDC,"Pakistan Definition,General Government Operations,Revenue and grants, Revenue, Tax Revenue, Federal, FBR revenue, National Currency"
PAK_GGO_RG_R_TR_F_GIDC_XDC,"Pakistan Definition,General Government Operations,Revenue and grants, Revenue, Tax Revenue, Federal, GIDC, National Currency"
PAK_GGO_RG_R_TR_F_GS_XDC,"Pakistan Definition,General Government Operations,Revenue and grants, Revenue, Tax Revenue, Federal, Gas surcharge, National Currency"
PAK_GGO_RG_R_TR_F_O_XDC,"Pakistan Definition,General Government Operations,Revenue and grants, Revenue, Tax Revenue, Federal, Other (ICT), National Currency"
PAK_GGO_RG_R_TR_F_PL_XDC,"Pakistan Definition,General Government Operations,Revenue and grants, Revenue, Tax Revenue, Federal, Petroleum levy, National Currency"
PAK_GGO_RG_R_TR_F_XDC,"Pakistan Definition,General Government Operations,Revenue and grants, Revenue, Tax Revenue, Federal, National Currency"
PAK_GGO_RG_R_TR_P_XDC,"Pakistan Definition,General Government Operations,Revenue and grants, Revenue, Tax Revenue, Provincial, National Currency"
PAK_GGO_RG_R_TR_XDC,"Pakistan Definition,General Government Operations,Revenue and grants, Revenue, Tax Revenue, National Currency"
PAK_GGO_RG_R_XDC,"Pakistan Definition,General Government Operations,Revenue and grants, Revenue, National Currency"
PAK_GGO_RG_XDC,"Pakistan Definition,General Government Operations,Revenue and grants, National Currency"
PAK_GGO_SD_XDC,"Pakistan Definition,General Government Operations, Statistical discrepancy, National Currency"
PAK_MET_TMG_CIF_CG_C_XDC,"Pakistan Definition, Merchandise Trade, Total imports, Chemical Group, Chemicals (excl. 2, 3 & 4), National Currency"
PAK_MET_TMG_CIF_EC_RMCG_XDC,"Pakistan Definition, Merchandise Trade, Total imports, by Economic Category, Raw Material For Consumer Goods, National Currency"
PAK_MET_TMG_CIF_EC_RMKG_XDC,"Pakistan Definition, Merchandise Trade, Total imports, by Economic Category, Raw Material For Capital Goods, National Currency"
PAK_MET_TMG_CIF_MIG_O_XDC,"Pakistan Definition, Merchandise Trade, Total imports, Others, National Currency"
PAK_MET_TMG_CIF_MIG_XDC,"Pakistan Definition, Merchandise Trade, Total imports, Miscellaneous Group, National Currency"
PAK_MET_TMG_CIF_PG_PP_XDC,"Pakistan Definition, Merchandise Trade, Total imports, Petroleum Group, Petroleum products, National Currency"
PAK_MET_TMG_CIF_PG_XDC,"Pakistan Definition, Merchandise Trade, Total imports, Petroleum Group, National Currency"
PAK_MET_TMG_CIF_TG_SASY_XDC,"Pakistan Definition, Merchandise Trade, Total imports,Textile Group, Synthetic & artificial silk yarn, National Currency"
PAK_MET_TXG_FOB_EC_MG_XDC,"Pakistan Definition, Merchandise Trade,  Total Exports, by Economic Category, Manufactured Goods, National Currency"
PAK_MET_TXG_FOB_EC_PC_XDC,"Pakistan Definition, Merchandise Trade,  Total Exports, by Economic Category, Primary Commodities, National Currency"
PAK_MET_TXG_FOB_EC_SM_XDC,"Pakistan Definition, Merchandise Trade,  Total Exports, by Economic Category, Semi-Manufactures, National Currency"
PAK_MET_TXG_FOB_OM_XDC,"Pakistan Definition, Merchandise Trade, Total Exports, by Group/Commodities, Other Manufactures, National Currency"
PAK_MET_TXG_FOB_O_XDC,"Pakistan Definition, Merchandise Trade,  Total Exports, by Group/Commodities, Others, National Currency"
PAK_MET_TXG_FOB_PC_RC_XDC,"Pakistan Definition, Merchandise Trade, Total Exports, by Group/Commodities, Primary Commodities  Fish & fish preparation, Raw cotton (excl. linters), National Currency"
PAK_MET_TXG_FOB_TM_B_XDC,"Pakistan Definition, Merchandise Trade, Total Exports, by Group/Commodities, Textile Manufactures, Bedwear, National Currency"
PAK_MET_TXG_FOB_TM_TMU_XDC,"Merchandise Trade, Total Exports, by Group/Commodities, Textile Manufactures, Textile made up (excl. towels & bed wear, National Currency"
PAK_MET_TXG_FOB_TM_T_XDC,"Pakistan Definition, Merchandise Trade, Total Exports, by Group/Commodities, Textile Manufactures, Towels, National Currency"
PAK_NAG_ISIC4_A011T013_CG_XDC,"Pakistan Definition, National Accounts, Gross Value Added, by Activity, A. Agricultural Sector ( 1 to 4 ), 1. Crops ( i+ii+iii), iii) Cotton Ginning, Nominal, National Currency"
PAK_NAG_ISIC4_A011T013_IC_XDC,"Pakistan Definition, National Accounts, Gross Value Added, by Activity, A. Agricultural Sector ( 1 to 4 ), 1. Crops ( i+ii+iii), i) Important Crops, Nominal, National Currency"
PAK_NAG_ISIC4_A011T013_OC_XDC,"Pakistan Definition, National Accounts, Gross Value Added, by Activity, A. Agricultural Sector ( 1 to 4 ), 1. Crops ( i+ii+iii), ii) Other Crops, Nominal, National Currency"
PAK_NAG_ISIC4_NGDPIA_XDC,"Pakistan Definition, National Accounts, Gross Value Added, by Activity, Commodity Producing Sectors, Nominal, National Currency"
PAK_NAG_ISIC4_NGDPS_XDC,"Pakistan Definition, National Accounts, Gross Value Added, by Activity, Services, Nominal, National Currency"
PAK_NAG_R_ISIC4_A011T013_CG_XDC,"Pakistan Definition, National Accounts, Gross Value Added, by Activity, A. Agricultural Sector ( 1 to 4 ), 1. Crops ( i+ii+iii), iii) Cotton Ginning, Real, National Currency"
PAK_NAG_R_ISIC4_A011T013_IC_XDC,"Pakistan Definition, National Accounts, Gross Value Added, by Activity, A. Agricultural Sector ( 1 to 4 ), 1. Crops ( i+ii+iii), i) Important Crops, Real, National Currency"
PAK_NAG_R_ISIC4_A011T013_OC_XDC,"Pakistan Definition, National Accounts, Gross Value Added, by Activity, A. Agricultural Sector ( 1 to 4 ), 1. Crops ( i+ii+iii), ii) Other Crops, Real, National Currency"
PAK_NAG_R_ISIC4_NGDPIA_XDC,"Pakistan Definition, National Accounts, Gross Value Added, by Activity, Commodity Producing Sectors, Real, National Currency"
PAK_NAG_R_ISIC4_NGDPI_XDC,"Pakistan Definition, National Accounts, Gross Value Added, by Activity, Industrical Activities, Real, National Currency"
PAK_NGA_NGDPVA_ISIC4_C_LS_XDC,"Pakistan Definition, National Accounts, Gross Value Added, by Activity, Manufacturing, Large Scale, Nominal, National Currency"
PAK_NGA_NGDPVA_ISIC4_C_SS_XDC,"Pakistan Definition, National Accounts, Gross Value Added, by Activity, Manufacturing, Smale Scale, Nominal, National Currency"
PAK_NGA_NGDPVA_ISIC4_C_S_XDC,"Pakistan Definition, National Accounts, Gross Value Added, by Activity, Manufacturing, Slaughtering Scale, Nominal, National Currency"
PAK_NGA_NGDPVA_R_ISIC4_C_LS_XDC,"Pakistan Definition, National Accounts, Gross Value Added, by Activity, Manufacturing, Large Scale, Real, National Currency"
PAK_NGA_NGDPVA_R_ISIC4_C_SS_XDC,"Pakistan Definition, National Accounts, Gross Value Added, by Activity, Manufacturing, Smale Scale, Real, National Currency"
PAK_NGA_NGDPVA_R_ISIC4_C_S_XDC,"Pakistan Definition, National Accounts, Gross Value Added, by Activity, Manufacturing, Slaughtering Scale, Real, National Currency"
PAK_ORSI_AE_GWH,"Pakistan Definition, Industrial Production, Production of Crude Oil, Natural Gas and Electricity, Alternate Energy, Gigawatt Hours"
PAK_ORSI_EG_GWH,"Pakistan Definition, Industrial Production, Production of Crude Oil, Natural Gas and Electricity, Total ( Elec. Gen. in (GWH)), Gigawatt Hours"
PAK_ORSI_H_GWH,"Pakistan Definition, Industrial Production, Production of Crude Oil, Natural Gas and Electricity, Hydel, Gigawatt Hours"
PAK_ORSI_NG_1000FC,"Pakistan Definition, Industrial Production, Production of Crude Oil, Natural Gas and Electricity, Natural Gas (MCFT), Thousand Cubic Feet"
PAK_ORSI_N_GWH,"Pakistan Definition, Industrial Production, Production of Crude Oil, Natural Gas and Electricity, Nuclear, Gigawatt Hours"
PAK_ORSI_T_GWH,"Pakistan Definition, Industrial Production, Production of Crude Oil, Natural Gas and Electricity, Thermal, Gigawatt Hours"
PCPI_CP_01_IX,"Prices, Consumer Prices, By Classification of Individual Consumption According to Purpose (COICOP), Expenditure of Households, Food and non-alcoholic beverages, Index"
PCPI_CP_01_WT,"Prices, Consumer Prices, By Classification of Individual Consumption According to Purpose (COICOP), Expenditure of Households, Food and non-alcoholic beverages, Weight"
PCPI_CP_02_IX,"Prices, Consumer Prices, By Classification of Individual Consumption According to Purpose (COICOP), Expenditure of Households, Alcoholic beverages, tobacco and narcotics, Index"
PCPI_CP_02_WT,"Prices, Consumer Prices, By Classification of Individual Consumption According to Purpose (COICOP), Expenditure of Households, Alcoholic beverages, tobacco and narcotics, Weight"
PCPI_CP_03_IX,"Prices, Consumer Prices, By Classification of Individual Consumption According to Purpose (COICOP), Expenditure of Households, Clothing and footwear, Index"
PCPI_CP_03_WT,"Prices, Consumer Prices, By Classification of Individual Consumption According to Purpose (COICOP), Expenditure of Households, Clothing and footwear, Weight"
PCPI_CP_04_IX,"Prices, Consumer Prices, By Classification of Individual Consumption According to Purpose (COICOP), Expenditure of Households, Housing, water, electricity, gas and other fuels, Index"
PCPI_CP_04_WT,"Prices, Consumer Prices, By Classification of Individual Consumption According to Purpose (COICOP), Expenditure of Households, Housing, water, electricity, gas and other fuels, Weight"
PCPI_CP_05_IX,"Prices, Consumer Prices, By Classification of Individual Consumption According to Purpose (COICOP), Expenditure of Households, Furnishings, household equipment and routine household maintenance, Index"
PCPI_CP_05_WT,"Prices, Consumer Prices, By Classification of Individual Consumption According to Purpose (COICOP), Expenditure of Households, Furnishings, household equipment and routine household maintenance, Weight"
PCPI_CP_06_IX,"Prices, Consumer Prices, By Classification of Individual Consumption According to Purpose (COICOP), Expenditure of Households, Health, Index"
PCPI_CP_06_WT,"Prices, Consumer Prices, By Classification of Individual Consumption According to Purpose (COICOP), Expenditure of Households, Health, Weight"
PCPI_CP_07_IX,"Prices, Consumer Prices, By Classification of Individual Consumption According to Purpose (COICOP), Expenditure of Households, Transport, Index"
PCPI_CP_07_WT,"Prices, Consumer Prices, By Classification of Individual Consumption According to Purpose (COICOP), Expenditure of Households, Transport, Weight"
PCPI_CP_08_IX,"Prices, Consumer Prices, By Classification of Individual Consumption According to Purpose (COICOP), Expenditure of Households, Communication, Index"
PCPI_CP_08_WT,"Prices, Consumer Prices, By Classification of Individual Consumption According to Purpose (COICOP), Expenditure of Households, Communication, Weight"
PCPI_CP_09_IX,"Prices, Consumer Prices, By Classification of Individual Consumption According to Purpose (COICOP), Expenditure of Households, Recreation and culture, Index"
PCPI_CP_09_WT,"Prices, Consumer Prices, By Classification of Individual Consumption According to Purpose (COICOP), Expenditure of Households, Recreation and culture, Weight"
PCPI_CP_10_IX,"Prices, Consumer Prices, By Classification of Individual Consumption According to Purpose (COICOP), Expenditure of Households, Education, Index"
PCPI_CP_10_WT,"Prices, Consumer Prices, By Classification of Individual Consumption According to Purpose (COICOP), Expenditure of Households, Education, Weight"
PCPI_CP_11_IX,"Prices, Consumer Prices, By Classification of Individual Consumption According to Purpose (COICOP), Expenditure of Households, Restaurants and hotels, Index"
PCPI_CP_11_WT,"Prices, Consumer Prices, By Classification of Individual Consumption According to Purpose (COICOP), Expenditure of Households, Restaurants and hotels, Weight"
PCPI_CP_12_IX,"Prices, Consumer Prices, By Classification of Individual Consumption According to Purpose (COICOP), Expenditure of Households, Miscellaneous goods and services, Index"
PCPI_CP_12_WT,"Prices, Consumer Prices, By Classification of Individual Consumption According to Purpose (COICOP), Expenditure of Households, Miscellaneous goods and services, Weight"
PCPI_IX,"Prices, Consumer Price,  All items, Index"
PCPI_WT,"Prices, Consumer Prices, All Items, Weight"
PWPI_CPC21_0_IX,"Producer Price Index, Wholesale Prices, By Central Product Classification (CPC) Version 2.1, Agriculture, forestry and fishery products, Index"
PWPI_CPC21_1_IX,"Producer Price Index, Wholesale Prices, By Central Product Classification (CPC) Version 2.1, Ores and minerals; electricity, gas and water, Index"
PWPI_CPC21_2_IX,"Producer Price Index, Wholesale Prices, By Central Product Classification (CPC) Version 2.1, Food products, beverages and tobacco; textiles, apparel and leather products, Index"
PWPI_CPC21_3_IX,"Producer Price Index, Wholesale Prices, By Central Product Classification (CPC) Version 2.1, Other transportable goods, except metal products, machinery and equipment, Index"
PWPI_CPC21_4_IX,"Producer Price Index, Wholesale Prices, By Central Product Classification (CPC) Version 2.1, Metal products, machinery and equipment, Index"
PWPI_IX,"Prices, Wholesale Price Index, All Items, Index"
TMGC_CIF_XDC,"Merchandise Trade, Total imports, by Economic Category, Consumer Goods, National Currency"
TMGK_CIF_XDC,"Merchandise Trade, Total imports, by Economic Category, Capital Goods, National Currency"
TMG_CIF_XDC,"External Trade, Imports, Goods, Value, Cost, Insurance, Freight, National Currency"
TMG_CPC21_0162_CIF_XDC,"Merchandise Trade, Total Imports, by Group/Commodities,  Tea, National Currency"
TMG_CPC21_1201_CIF_XDC,"Merchandise Trade, Total imports, Petroleum Group, Petroleum crude, National Currency"
TMG_CPC21_14_CIF_XDC,"Merchandise Trade, Total imports, Metal Group, National Currency"
TMG_CPC21_161_CIF_XDC,"Merchandise Trade, Total imports, Chemical Group, Fertilizer manufactured, National Currency"
TMG_CPC21_213_CIF_XDC,"Merchandise Trade, Total Imports, by Group/Commodities,  Pulses, National Currency"
TMG_CPC21_2161_CIF_XDC,"Merchandise Trade, Total Imports, by Group/Commodities,  Soyabean oil, National Currency"
TMG_CPC21_2165_CIF_XDC,"Merchandise Trade, Total Imports, by Group/Commodities,  Palm oil, National Currency"
TMG_CPC21_2221T22229_CIF_XDC,"Merchandise Trade, Total Imports, by Group/Commodities,  Milk & milk food for infants, National Currency"
TMG_CPC21_2643_CIF_XDC,"Merchandise Trade, Total imports,Textile GroupSynthetic fibre, National Currency"
TMG_CPC21_26_CIF_XDC,"Merchandise Trade, Total imports,Textile Group, National Currency"
TMG_CPC21_2_CIF_XDC,"Merchandise Trade, Total Imports, by Group/Commodities,  Food Group, National Currency"
TMG_CPC21_32_CIF_XDC,"Merchandise Trade,  Total imports, Miscellaneous Group, Paper & paper products, National Currency"
TMG_CPC21_3466_CIF_XDC,"Merchandise Trade, Total imports, Chemical Group, Insecticide, National Currency"
TMG_CPC21_34_CIF_XDC,"Merchandise Trade, Total imports, Chemical Group, National Currency"
TMG_CPC21_352_CIF_XDC,"Merchandise Trade, Total imports, Chemical Group, Medicinal products, National Currency"
TMG_CPC21_361_CIF_XDC,"Merchandise Trade,  Total imports, Miscellaneous Group, Tyres & tubes, National Currency"
TMG_CPC21_3931_CIF_XDC,"Merchandise Trade, Total imports, Metal Group, Iron & steel scrap, National Currency"
TMG_CPC21_3_CIF_XDC,"Merchandise Trade, Total imports, Machinery & Trans. Group, National Currency"
TMG_CPC21_412_CIF_XDC,"Merchandise Trade, Total imports, Metal Group, Iron & steel, National Currency"
TMG_CPC21_43T47_CIF_XDC,"Merchandise Trade, Total imports, Machinery & Trans. Group, Machinery, National Currency"
TMG_CPC21_49_CIF_XDC,"External Trade, Imports, Goods, Value, By Central Product Classification (CPC) Version 2.1, Metal products, machinery and equipment, Transport equipment, Cost Insurance Freight (CIF) adjustment, National Currency"
TXG_CPC21_0113_FOB_XDC,"Merchandise Trade, Total exports, by Group/Commodities, Primary Commodities, Rice, National Currency"
TXG_CPC21_012T001990_FOB_XDC,"Merchandise Trade, Total Exports, by Group/Commodities, Primary Commodities  Fruits,vegetables & preparation thereof, National Currency"
TXG_CPC21_04_FOB_XDC,"External Trade, Exports, Goods, Value, By Central Product Classification (CPC) Version 2.1, Agriculture, forestry and fishery products, Fish and other fishing products, Free on Board, National Currency"
TXG_CPC21_0_FOB_XDC,"External Trade, Exports, Goods, Value, By Central Product Classification (CPC) Version 2.1, Agriculture, forestry and fishery products, Free on Board, National Currency"
TXG_CPC21_2501_FOB_XDC,"Merchandise Trade, Total Exports, by Group/Commodities, Primary Commodities  Tobacco un-manufactured, National Currency"
TXG_CPC21_2613_FOB_XDC,"Merchandise Trade, Total Exports, by Group/Commodities, Primary Commodities  Raw wool, National Currency"
TXG_CPC21_2616_FOB_XDC,"External Trade, Exports, Goods, Value, By Central Product Classification (CPC) Version 2.1, Food products, beverages and tobacco; textiles, apparel and leather products, Yarn and thread; woven and tufted textile fabrics, Natural textile fibres prepared for spinning, Cotton, carded or combed, Free on Board, National Currency"
TXG_CPC21_2621_FOB_XDC,"Merchandise Trade, Total Exports, by Group/Commodities, Textile Manufactures, Synthetic textile fabrics, National Currency"
TXG_CPC21_2636_FOB_XDC,"Merchandise Trade, Total Exports, by Group/Commodities, Textile Manufactures, Cotton yarn, National Currency"
TXG_CPC21_26_FOB_XDC,"Merchandise Trade, Total Exports, by Group/Commodities, Textile Manufactures, Articles of apparel and clothing accessories (excl. knitwear), National Currency"
TXG_CPC21_2716_FOB_XDC,"Merchandise Trade, Total Exports, by Group/Commodities, Textile Manufactures, Synthetic textile fabrics, Tarpaulin &other canvas goods, National Currency"
TXG_CPC21_272_FOB_XDC,"Merchandise Trade, Total Exports, by Group/Commodities, Other Manufactures, Carpets, carpeting, rugs & mats, National Currency"
TXG_CPC21_27_FOB_XDC,"Merchandise Trade, Total Exports, by Group/Commodities, Textile Manufactures, National Currency"
TXG_CPC21_281_FOB_XDC,"Merchandise Trade, Total Exports, by Group/Commodities, Textile Manufactures, Knitwear, National Currency"
TXG_CPC21_2824_FOB_XDC,"Merchandise Trade, Total Exports, by Group/Commodities, Other Manufactures, Leather, National Currency"
TXG_CPC21_29_FOB_XDC,"Merchandise Trade, Total Exports, by Group/Commodities, Other Manufactures, Footwear, National Currency"
TXG_CPC21_2_FOB_XDC,"External Trade, Exports, Goods, Value, By Central Product Classification (CPC) Version 2.1, Food products, beverages and tobacco; textiles, apparel and leather products, Free on Board, National Currency"
TXG_CPC21_33_FOB_XDC,"Merchandise Trade, Total Exports, by Group/Commodities, Other Manufactures, Petroleum products, National Currency"
TXG_CPC21_35290_FOB_XDC,"Merchandise Trade, Total Exports, by Group/Commodities, Other Manufactures, Surgical instruments, National Currency"
TXG_CPC21_384_FOB_XDC,"Merchandise Trade, Total Exports, by Group/Commodities, Other Manufactures, Sports goods (excl. toys), National Currency"
TXG_FOB_XDC,"External Trade, Exports, Goods, Value, Free on Board, National Currency"
